{
    "anchorpoints": [],
    "portpins": [
        {
            "name": "1",
            "position": [
                0.25557518982488003,
                -4.36010045503335,
                142.0
            ],
            "rotation": [
                -0.04660572781273919,
                -0.9989133626771869,
                0.0,
                -0.9989133626771869,
                0.04660572781273919,
                0.0,
                -0.0,
                0.0,
                -1.0
            ]
        }
    ],
    "version": 7
}